{
  "app": {
    "name": "SmartAdmin"
  },
  "nav": {
    "application_intel": "英特尔分析",
    "application_intel_analytics_dashboard": "分析仪表板",
    "application_intel_marketing_dashboard": "仪表板营销",
    "application_intel_ceo_dashboard": "首席执行官仪表板",
    "application_intel_introduction" : "介绍",
    "application_docs_buildnotes": "构建笔记",    
    "theme_settings": "主题设置",
    "theme_settings_how_it_works": "这个怎么运作",
    "theme_settings_layout_options": "布局选项",
    "theme_settings_skin_options": "皮肤选择",
    "theme_settings_saving_to_database": "保存到数据库",
    "package_info": "包装信息",
    "package_info_documentation": "文档",
    "package_info_product_licensing": "产品许可",
    "package_info_different_flavors": "不同的味道",
    "ui_components": "用户界面组件",
    "ui_components_alerts": "警戒",
    "ui_components_accordions": "手风琴",
    "ui_components_badges": "徽章",
    "ui_components_breadcrumbs": "面包屑",
    "ui_components_buttons": "纽扣",
    "ui_components_button_group": "按钮组",
    "ui_components_cards": "牌",
    "ui_components_carousel": "圆盘传送带",
    "ui_components_collapse": "塌方",
    "ui_components_dropdowns": "下拉菜单",
    "ui_components_list_filter": "列表过滤器",
    "ui_components_modal": "语气",
    "ui_components_navbars": "导航栏",
    "ui_components_panels": "镶板",
    "ui_components_pagination": "分页",
    "ui_components_popovers": "约夏克布丁",
    "ui_components_progress_bars": "进度条",
    "ui_components_scrollspy": "滚动间谍",
    "ui_components_side_panel": "侧面板",
    "ui_components_spinners": "装载机",
    "ui_components_tabs_&_pills": "标签和药丸",
    "ui_components_toasts": "祝酒通知",
    "ui_components_tooltips": "提示",
    "utilities": "效用",
    "utilities_borders": "毗",
    "utilities_clearfix": "浮动修复",
    "utilities_color_pallet": "调色板",
    "utilities_display_property": "显示属性",
    "utilities_fonts": "字形",
    "utilities_flexbox": "柔性盒",
    "utilities_helpers": "帮手",
    "utilities_position": "定位",
    "utilities_responsive_grid": "响应式网格",
    "utilities_sizing": "浆纱",
    "utilities_spacing": "间距",
    "utilities_typography": "活版印刷",
    "utilities_menu_child": "菜单儿童",
    "utilities_menu_child_sublevel_item": "次级项目",
    "utilities_menu_child_another_item": "另一个项目",
    "utilities_disabled_item": "禁用物品",
    "font_icons": "字体图标",
    "font_icons_webfonts_faq": "互联网字体常见问题",
    "font_icons_fontawesome": "FontAwesome Pro",
    "font_icons_fontawesome_light": "轻磅",
    "font_icons_fontawesome_regular": "规则",
    "font_icons_fontawesome_solid": "坚实厚实",
    "font_icons_fontawesome_brand": "打火印",
    "font_icons_nextgen_icons": "主题图标",
    "font_icons_nextgen_icons_general": "一般",
    "font_icons_nextgen_icons_base": "基地",
    "font_icons_stack_icons": "堆栈图标",
    "font_icons_stack_icons_showcase": "橱窗",
    "font_icons_stack_icons_generate_stack": "生成堆栈",
    "tables": "表格",
    "tables_basic_tables": "基本表格",
    "tables_generate_table_style": "生成表格样式",
    "form_stuff": "形式的东西",
    "form_stuff_basic_inputs": "基本输入",
    "form_stuff_checkbox_&_radio": "复选框和收音机",
    "form_stuff_input_groups": "输入组",
    "form_stuff_validation": "验证",
    "form_stuff_samples": "样品",
    "plugins": "核心插件",
    "plugins_plugins_faq": "插件常见问题",
    "plugins_waves": "波浪",
    "plugins_pacejs": "佩斯JS",
    "plugins_smartpanels": "智能面板",
    "plugins_bootbox": "启动箱",
    "plugins_slimscroll": "超薄卷轴",
    "plugins_throttle": "掐死",
    "plugins_navigation": "导航",
    "plugins_i18next": "i18next",
    "plugins_app.core": "应用核心",
    "datatables": "数据表",
    "datatables_basic": "基",
    "datatables_autofill": "自动填充",
    "datatables_buttons": "纽扣",
    "datatables_export": "出口",
    "datatables_colreorder": "列重新排序",
    "datatables_columnfilter": "列过滤器",
    "datatables_fixedcolumns": "固定列",
    "datatables_fixedheader": "固定标题",
    "datatables_keytable": "关键表",
    "datatables_responsive": "响应",
    "datatables_responsive_alt": "响应式替代方案",
    "datatables_rowgroup": "行组",
    "datatables_rowreorder": "行重新排序",
    "datatables_scroller": "滚轮",
    "datatables_select": "挑选",
    "datatables_alteditor": "Alt编辑器",
    "statistics": "统计学",
    "statistics_flot": "海军报",
    "statistics_chart.js": "图表.js",
    "statistics_chartist.js": "宪章.js",
    "statistics_c3_charts": "C3图表",
    "statistics_peity": "Peity",
    "statistics_sparkline": "迷你图",
    "statistics_easy_pie_chart": "简单的饼图",
    "statistics_dygraph": "Dy图",
    "notifications": "警告",
    "notifications_sweetalert2": "甜蜜警报2",
    "notifications_toastr": "吐司r",
    "form_plugins": "表格插件",
    "form_plugins_color_picker": "颜色选择器",
    "form_plugins_date_picker": "日期选择器",
    "form_plugins_date_range_picker": "日期范围选择器",
    "form_plugins_dropzone": "拖放区",
    "form_plugins_ion.rangeslider": "离子。范围滑块",
    "form_plugins_input_mask": "输入麝香",
    "form_plugins_image_cropper": "图像裁剪",
    "form_plugins_select2": "选择二",
    "form_plugins_summernote": "文本编辑器Summernote",
    "form_plugins_markdown": "文本编辑器Markdown",
    "form_plugins_nouislider": "没有Ui滑块",
    "form_plugins_wizard": "男巫",
    "miscellaneous": "繁杂",
    "miscellaneous_fullcalendar": "完整日历",
    "miscellaneous_light_gallery": "光画廊",
    "miscellaneous_idle_timer": "空闲计时器",
    "pages": "网页浏览量",
    "pages_chat": "谈",
    "pages_contacts": "往还",
    "pages_faq": "经常问的问题",
    "pages_forum": "论坛",
    "pages_forum_list": "名单",
    "pages_forum_threads": "主题",
    "pages_forum_discussion": "讨论",
    "pages_inbox": "收件箱",
    "pages_inbox_general": "一般",
    "pages_inbox_read": "读",
    "pages_inbox_write": "写",
    "pages_invoice_(printable)": "发票（可打印",
    "pages_authentication": "认证",
    "pages_authentication_forget_password": "忘记密码",
    "pages_authentication_locked_screen": "锁定屏幕",
    "pages_authentication_login": "登录",
    "pages_authentication_register": "寄存器",
    "pages_error_pages": "错误页面",
    "pages_error_pages_general_error": "一般错误",
    "pages_error_pages_server_error": "服务器错误",
    "pages_error_pages_announced_error": "宣布错误",
    "pages_pricing_tables": "定价表",
    "pages_profile": "剖面",
    "pages_search_results": "搜索结果",
    "pages_teams": "小组",
    "pages_timeline": "时间线",
    "app_views": "应用视图",
    "app_views_e-commerce": "电子商务",
    "app_views_e-commerce_orders": "命令",
    "app_views_e-commerce_products": "制品",
    "app_views-e-commerce_item_detail": "项目细节",
    "app_views-e-commerce_add_item": "新增项目",
    "app_views-e-commerce_checkout": "查看"
  },
  "drpdwn": {
    "reset_layout": "重置布局",
    "settings": "设置",
    "fullscreen": "全屏",
    "print": "打印",
    "page-logout": "登出"
  }
}