{
  "app": {
    "name": "SmartAdmin"
  },
  "nav": {
    "application_intel": "Analytics Intel",
    "application_intel_analytics_dashboard": "Analytics Dashboard",
    "application_intel_marketing_dashboard": "Marketing Dashboard",
    "application_intel_ceo_dashboard": "CEO Dashboard",
    "application_intel_introduction" : "Introduction",
    "application_docs_buildnotes": "Build Notes",
    "theme_settings": "Theme Settings",
    "theme_settings_how_it_works": "How it works",
    "theme_settings_layout_options": "Layout Options",
    "theme_settings_skin_options": "Skin Options",
    "theme_settings_saving_to_database": "Saving to Database",
    "package_info": "Package Info",
    "package_info_documentation": "Documentation",
    "package_info_product_licensing": "Product Licensing",
    "package_info_different_flavors": "Different Flavors",
    "ui_components": "UI Components",
    "ui_components_alerts": "Alerts",
    "ui_components_accordions": "Accordions",
    "ui_components_badges": "Badges",
    "ui_components_breadcrumbs": "Breadcrumbs",
    "ui_components_buttons": "Buttons",
    "ui_components_button_group": "Button Group",
    "ui_components_cards": "Cards",
    "ui_components_carousel": "Carousel",
    "ui_components_collapse": "Collapse",
    "ui_components_dropdowns": "Dropdowns",
    "ui_components_list_filter": "List Filter",
    "ui_components_modal": "Modal",
    "ui_components_navbars": "Navbars",
    "ui_components_panels": "Panels",
    "ui_components_pagination": "Pagination",
    "ui_components_popovers": "Popovers",
    "ui_components_progress_bars": "Progress Bars",
    "ui_components_scrollspy": "ScrollSpy",
    "ui_components_side_panel": "Side Panel",
    "ui_components_spinners": "Spinners",
    "ui_components_tabs_&_pills": "Tabs & Pills",
    "ui_components_toasts": "Toasts",
    "ui_components_tooltips": "Tooltips",
    "utilities": "Utilities",
    "utilities_borders": "Borders",
    "utilities_clearfix": "Clearfix",
    "utilities_color_pallet": "Color Pallet",
    "utilities_display_property": "Display Property",
    "utilities_fonts": "Fonts",
    "utilities_flexbox": "Flexbox",
    "utilities_helpers": "Helpers",
    "utilities_position": "Position",
    "utilities_responsive_grid": "Responsive Grid",
    "utilities_sizing": "Sizing",
    "utilities_spacing": "Spacing",
    "utilities_typography": "Typography",
    "utilities_menu_child": "Menu child",
    "utilities_menu_child_sublevel_item": "Sublevel Item",
    "utilities_menu_child_another_item": "Another Item",
    "utilities_disabled_item": "Disabled Item",
    "font_icons": "Font Icons",
    "font_icons_webfonts_faq": "Webfonts FAQ",
    "font_icons_fontawesome": "FontAwesome Pro",
    "font_icons_fontawesome_light": "Light",
    "font_icons_fontawesome_regular": "Regular",
    "font_icons_fontawesome_solid": "Solid",
    "font_icons_fontawesome_brand": "Brand",
    "font_icons_nextgen_icons": "NextGen Icons",
    "font_icons_nextgen_icons_general": "General",
    "font_icons_nextgen_icons_base": "Base",
    "font_icons_stack_icons": "Stack Icons",
    "font_icons_stack_icons_showcase": "Showcase",
    "font_icons_stack_icons_generate_stack": "Generate Stack",
    "tables": "Tables",
    "tables_basic_tables": "Basic Tables",
    "tables_generate_table_style": "Generate Table Style",
    "form_stuff": "Form Stuff",
    "form_stuff_basic_inputs": "Basic Inputs",
    "form_stuff_checkbox_&_radio": "Checkbox & Radio",
    "form_stuff_input_groups": "Input Groups",
    "form_stuff_validation": "Validation",
    "form_stuff_samples": "Samples",
    "plugins": "Core Plugins",
    "plugins_plugins_faq": "Plugins FAQ",
    "plugins_waves": "Waves",
    "plugins_pacejs": "PaceJS",
    "plugins_smartpanels": "SmartPanels",
    "plugins_bootbox": "BootBox",
    "plugins_slimscroll": "Slimscroll",
    "plugins_throttle": "Throttle",
    "plugins_navigation": "Navigation",
    "plugins_i18next": "i18next",
    "plugins_app.core": "App.Core",
    "datatables": "Datatables",
    "datatables_basic": "Basic",
    "datatables_autofill": "Autofill",
    "datatables_buttons": "Buttons",
    "datatables_export": "Export",
    "datatables_colreorder": "ColReorder",
    "datatables_columnfilter": "ColumnFilter",
    "datatables_fixedcolumns": "FixedColumns",
    "datatables_fixedheader": "FixedHeader",
    "datatables_keytable": "KeyTable",
    "datatables_responsive": "Responsive",
    "datatables_responsive_alt": "Responsive Alt",
    "datatables_rowgroup": "RowGroup",
    "datatables_rowreorder": "RowReorder",
    "datatables_scroller": "Scroller",
    "datatables_select": "Select",
    "datatables_alteditor": "AltEditor",
    "statistics": "Statistics",
    "statistics_flot": "Flot",
    "statistics_chart.js": "Chart.js",
    "statistics_chartist.js": "Chartist.js",
    "statistics_c3_charts": "C3 Charts",
    "statistics_peity": "Peity",
    "statistics_sparkline": "Sparkline",
    "statistics_easy_pie_chart": "Easy Pie Chart",
    "statistics_dygraph": "Dygraph",
    "notifications": "Notifications",
    "notifications_sweetalert2": "SweetAlert2",
    "notifications_toastr": "Toastr",
    "form_plugins": "Form Plugins",
    "form_plugins_color_picker": "Color Picker",
    "form_plugins_date_picker": "Date Picker",
    "form_plugins_date_range_picker": "Date Range Picker",
    "form_plugins_dropzone": "Dropzone",
    "form_plugins_ion.rangeslider": "Ion.RangeSlider",
    "form_plugins_input_mask": "Input Mask",
    "form_plugins_image_cropper": "Image Cropper",
    "form_plugins_select2": "Select2",
    "form_plugins_summernote": "Summernote",
    "form_plugins_markdown": "Markdown",
    "form_plugins_nouislider": "noUiSlider",
    "form_plugins_wizard": "Wizard",
    "miscellaneous": "Miscellaneous",
    "miscellaneous_fullcalendar": "FullCalendar",
    "miscellaneous_light_gallery": "Light Gallery",
    "miscellaneous_idle_timer": "Idle Timer",
    "pages": "Page Views",
    "pages_chat": "Chat",
    "pages_contacts": "Contacts",
    "pages_faq": "FAQ",
    "pages_forum": "Forum",
    "pages_forum_list": "List",
    "pages_forum_threads": "Threads",
    "pages_forum_discussion": "Discussion",
    "pages_inbox": "Inbox",
    "pages_inbox_general": "General",
    "pages_inbox_read": "Read",
    "pages_inbox_write": "Write",
    "pages_invoice_(printable)": "Invoice (printable)",
    "pages_authentication": "Authentication",
    "pages_authentication_forget_password": "Forget Password",
    "pages_authentication_locked_screen": "Locked Screen",
    "pages_authentication_login": "Login",
    "pages_authentication_register": "Register",
    "pages_error_pages": "Error Pages",
    "pages_error_pages_general_error": "General Error",
    "pages_error_pages_server_error": "Server Error",
    "pages_error_pages_announced_error": "Announced Error",
    "pages_pricing_tables": "Pricing Tables",
    "pages_profile": "Profile",
    "pages_search_results": "Search Results",
    "pages_teams": "Teams",
    "pages_timeline": "Timeline",
    "app_views": "App Views",
    "app_views_e-commerce": "E-commerce",
    "app_views_e-commerce_orders": "Orders",
    "app_views_e-commerce_products": "Products",
    "app_views-e-commerce_item_detail": "Item detail",
    "app_views-e-commerce_add_item": "Add Item",
    "app_views-e-commerce_checkout": "Checkout"
  },
  "drpdwn": {
    "reset_layout": "Reset Layout",
    "settings": "Settings",
    "fullscreen": "Fullscreen",
    "print": "Print",
    "page-logout": "Logout"
  }  
}